user_id,signup_date,last_active_date,meals_logged_7d,exercise_minutes_7d,weight_entries_7d,bp_entries_7d,messages_sent_7d,support_tickets,churned
1001.0,2024-10-27,2026-09-23,14,191,4,6,4,0,0
1002.0,2024-12-04,2026-09-14,9,135,2,2,2,2,0
1003.0,2025-06-06,2026-09-17,8,141,2,3,2,2,1
1004.0,2025-07-21,2026-08-28,5,64,0,0,0,3,1
1005.0,2026-05-23,2026-09-15,8,161,4,4,2,0,1
1006.0,2024-10-31,2026-09-12,5,103,1,2,2,2,0
1007.0,2026-06-16,2026-09-17,8,117,3,3,4,2,0
1008.0,2025-04-30,2026-09-12,6,99,1,0,1,1,0
1009.0,2026-03-24,2026-09-10,6,121,2,1,0,1,0
1010.0,2025-01-23,2026-09-26,14,221,4,3,3,0,0
1011.0,2025-05-05,2026-09-19,13,190,1,5,2,1,1
1012.0,2025-07-26,2026-08-27,5,33,2,0,2,2,1
1013.0,2025-10-02,2026-09-15,9,116,2,3,0,2,0
1014.0,2026-02-24,2026-09-19,10,250,3,4,1,0,0
1015.0,2025-07-26,2026-09-03,5,88,2,1,2,2,1
2001.0,2026-01-15,2026-09-24,12,180,3,4,2,0,0
2002.0,2026-02-03,2026-09-23,10,-150,2,3,1,0,0
2003.0,2026-03-10,2026-09-01,1,10,0,0,0,3,yes
2004.0,2026-09-20,2026-04-05,8,120,2,2,1,1,0
2004.0,2026-04-05,2026-09-20,8,120,2,2,1,1,0
,2026-01-28,2026-08-28,0,0,0,0,0,4,1
2006.0,bad-date,2026-09-22,9,90,1,2,3,0,0
